file_name,hamiltonian
graph4443.png,yes
graph1905.png,no
graph7719.png,no
graph4902.png,no
graph4114.png,yes
graph4346.png,yes
graph919.png,no
graph6587.png,yes
graph841.png,yes
graph7981.png,no
graph8287.png,no
graph7693.png,no
graph1722.png,yes
graph7964.png,yes
graph4308.png,yes
graph4693.png,no
graph1503.png,yes
graph7586.png,no
graph4108.png,no
graph1783.png,no
graph6465.png,yes
graph1222.png,no
graph6660.png,no
graph4665.png,yes
graph3316.png,no
graph486.png,yes
graph1268.png,yes
graph568.png,yes
graph4771.png,no
graph832.png,yes
graph2189.png,no
graph7427.png,yes
graph1566.png,yes
graph7004.png,no
graph3981.png,yes
graph882.png,yes
graph1328.png,no
graph4428.png,no
graph7272.png,yes
graph4285.png,no
graph4564.png,yes
graph4497.png,no
graph3819.png,yes
graph6485.png,yes
graph3386.png,yes
graph7406.png,no
graph3510.png,yes
graph4947.png,no
graph341.png,no
graph2221.png,no
graph7595.png,no
graph4863.png,yes
graph1016.png,no
graph1633.png,yes
graph1372.png,no
graph7208.png,yes
graph7800.png,no
graph6608.png,no
graph3393.png,yes
graph362.png,no
graph543.png,yes
graph3495.png,yes
graph449.png,yes
graph6867.png,no
graph3794.png,no
graph7375.png,no
graph2140.png,yes
graph855.png,yes
graph336.png,no
graph7709.png,no
graph3968.png,no
graph8073.png,yes
graph1225.png,yes
graph5030.png,no
graph7213.png,no
graph1164.png,yes
graph6826.png,no
graph4521.png,yes
graph4561.png,no
graph4118.png,yes
graph7511.png,no
graph6615.png,yes
graph1699.png,yes
graph1046.png,no
graph6405.png,no
graph6650.png,yes
graph4476.png,yes
graph1933.png,yes
graph3911.png,no
graph4875.png,yes
graph4380.png,no
graph6643.png,yes
graph7181.png,no
graph4819.png,no
graph3490.png,no
graph2209.png,no
graph1775.png,yes
graph3338.png,yes
graph7413.png,no
graph1242.png,yes
graph671.png,no
graph7186.png,yes
graph3549.png,yes
graph6767.png,yes
graph3329.png,no
graph667.png,yes
graph4860.png,no
graph5305.png,no
graph3494.png,yes
graph7343.png,no
graph6520.png,no
graph4448.png,yes
graph4068.png,yes
graph4609.png,no
graph6962.png,yes
graph2148.png,yes
graph2116.png,yes
graph7430.png,no
graph1639.png,no
graph7229.png,no
graph6336.png,no
graph4742.png,no
graph6953.png,no
graph8176.png,no
graph7907.png,yes
graph4082.png,no
graph7441.png,no
graph3731.png,no
graph2223.png,no
graph6393.png,no
graph6334.png,no
graph6680.png,yes
graph3837.png,yes
graph1017.png,yes
graph7137.png,no
graph3959.png,yes
graph712.png,yes
graph5274.png,yes
graph8165.png,no
graph7609.png,yes
graph1468.png,yes
graph6743.png,yes
graph3873.png,no
graph6621.png,no
graph666.png,yes
graph3608.png,yes
graph1908.png,no
graph2055.png,yes
graph1780.png,no
graph883.png,no
graph3865.png,yes
graph4688.png,no
graph925.png,no
graph5255.png,no
graph1565.png,no
graph7562.png,yes
graph4165.png,no
graph4754.png,no
graph7145.png,yes
graph7493.png,yes
graph1388.png,yes
graph4137.png,no
graph7642.png,no
graph5178.png,yes
graph4563.png,yes
graph6631.png,yes
graph1033.png,no
graph4286.png,no
graph3953.png,no
graph6697.png,no
graph641.png,no
graph6893.png,yes
graph7352.png,yes
graph7291.png,yes
graph7742.png,no
graph7931.png,no
graph2226.png,yes
graph6755.png,no
graph7751.png,yes
graph3952.png,yes
graph4479.png,yes
graph7904.png,no
graph8110.png,no
graph6752.png,no
graph6889.png,no
graph8185.png,yes
graph3947.png,yes
graph3883.png,no
graph6810.png,yes
graph5252.png,yes
graph4440.png,yes
graph1290.png,no
graph5091.png,yes
graph7584.png,yes
graph1753.png,no
graph4520.png,no
graph772.png,no
graph7093.png,no
graph8054.png,yes
graph6890.png,no
graph4800.png,yes
graph3914.png,no
graph1107.png,yes
graph6327.png,no
graph3791.png,yes
graph1562.png,no
graph1771.png,no
graph863.png,no
graph496.png,no
graph6877.png,yes
graph4204.png,yes
graph3593.png,no
graph1081.png,yes
graph1032.png,no
graph4719.png,no
graph446.png,no
graph1484.png,yes
graph6433.png,no
graph7318.png,yes
graph3912.png,yes
graph7535.png,no
graph6931.png,no
graph7032.png,no
graph7974.png,yes
graph4424.png,yes
graph1220.png,no
graph3488.png,yes
graph1555.png,no
graph6390.png,no
graph7955.png,no
graph1834.png,no
graph5268.png,no
graph3874.png,no
graph1109.png,no
graph7217.png,no
graph7428.png,yes
graph7120.png,yes
graph3961.png,no
graph6535.png,yes
graph4231.png,no
graph1998.png,yes
graph1313.png,no
graph8294.png,yes
graph4869.png,yes
graph7007.png,yes
graph7497.png,no
graph8300.png,no
graph7468.png,no
graph3939.png,no
graph2307.png,yes
graph5065.png,yes
graph1739.png,no
graph6328.png,no
graph6355.png,yes
graph4447.png,no
graph7769.png,no
graph6469.png,yes
graph7179.png,no
graph4353.png,yes
graph3519.png,yes
graph6366.png,yes
graph5045.png,no
graph5154.png,no
graph1449.png,no
graph4950.png,no
graph8138.png,yes
graph4252.png,no
graph935.png,no
graph528.png,no
graph4836.png,no
graph1428.png,no
graph6539.png,no
graph6582.png,no
graph7806.png,yes
graph7973.png,yes
graph2045.png,no
graph3889.png,yes
graph2253.png,no
graph7982.png,no
graph3466.png,yes
graph479.png,yes
graph7836.png,yes
graph4420.png,yes
graph6887.png,yes
graph3701.png,no
graph6624.png,no
graph7975.png,yes
graph821.png,no
graph1746.png,no
graph5257.png,no
graph7580.png,yes
graph3467.png,no
graph327.png,no
graph2080.png,no
graph868.png,no
graph5099.png,no
graph7666.png,no
graph2240.png,yes
graph3539.png,no
graph3537.png,no
graph7211.png,no
graph3459.png,yes
graph933.png,no
graph4431.png,yes
graph7649.png,no
graph1626.png,yes
graph2267.png,yes
graph7119.png,no
graph7715.png,yes
graph1892.png,yes
graph5278.png,yes
graph4599.png,no
graph530.png,yes
graph7200.png,no
graph1504.png,yes
graph7834.png,yes
graph553.png,yes
graph428.png,no
graph4873.png,no
graph8076.png,no
graph6997.png,no
graph3387.png,no
graph1380.png,yes
graph3902.png,no
graph1705.png,no
graph7862.png,yes
graph1136.png,yes
graph6322.png,yes
graph2193.png,yes
graph6937.png,no
graph1405.png,yes
graph1853.png,no
graph2268.png,yes
graph7118.png,no
graph4384.png,yes
graph3414.png,no
graph988.png,no
graph3628.png,yes
graph1212.png,no
graph891.png,yes
graph1173.png,yes
graph7756.png,no
graph4753.png,no
graph6956.png,no
graph3598.png,yes
graph3980.png,yes
graph8229.png,no
graph942.png,yes
graph3652.png,yes
graph5200.png,no
graph7100.png,no
graph3604.png,no
graph8026.png,no
graph7470.png,yes
graph3512.png,yes
graph6641.png,yes
graph7409.png,yes
graph1813.png,no
graph510.png,yes
graph3461.png,no
graph8216.png,yes
graph3610.png,no
graph749.png,yes
graph8044.png,no
graph8060.png,no
graph6885.png,no
graph3333.png,yes
graph7819.png,yes
graph6701.png,no
graph6940.png,yes
graph6762.png,yes
graph3987.png,yes
graph1174.png,no
graph4392.png,yes
graph5168.png,no
graph4687.png,yes
graph3452.png,no
graph826.png,no
graph8055.png,no
graph1216.png,yes
graph5004.png,no
graph7600.png,yes
graph1176.png,yes
graph3879.png,no
graph3325.png,yes
graph529.png,no
graph6568.png,no
graph383.png,no
graph1389.png,yes
graph6646.png,no
graph6481.png,no
graph4364.png,yes
graph6360.png,no
graph3728.png,yes
graph6804.png,yes
graph5089.png,yes
graph7941.png,yes
graph1708.png,no
graph6581.png,no
graph7692.png,yes
graph2044.png,no
graph3632.png,no
graph3473.png,no
graph909.png,no
graph4770.png,no
graph1252.png,no
graph3833.png,no
graph7086.png,yes
graph1349.png,yes
graph4830.png,yes
graph3992.png,yes
graph6688.png,yes
graph4890.png,yes
graph7575.png,yes
graph4843.png,no
graph979.png,no
graph7515.png,no
graph6597.png,yes
graph6538.png,yes
graph1029.png,no
graph6314.png,yes
graph1287.png,yes
graph7720.png,yes
graph3776.png,no
graph3503.png,no
graph8186.png,yes
graph1465.png,no
graph1161.png,yes
graph4152.png,yes
graph2218.png,no
graph6805.png,no
graph6589.png,no
graph526.png,yes
graph2296.png,yes
graph1510.png,yes
graph1406.png,no
graph7340.png,no
graph8120.png,yes
graph372.png,yes
graph1113.png,no
graph1152.png,no
graph6868.png,yes
graph6891.png,no
graph4715.png,yes
graph1713.png,yes
graph6463.png,yes
graph3489.png,yes
graph5288.png,yes
graph4612.png,no
graph5244.png,yes
graph631.png,yes
graph1535.png,no
graph8057.png,yes
graph810.png,no
graph3665.png,no
graph324.png,no
graph1439.png,yes
graph8261.png,no
graph7508.png,no
graph1085.png,no
graph2178.png,no
graph3742.png,no
graph1238.png,no
graph1427.png,no
graph7837.png,yes
graph1989.png,yes
graph7611.png,yes
graph8033.png,no
graph2022.png,no
graph1678.png,no
graph6531.png,no
graph4603.png,no
graph4566.png,yes
graph4883.png,no
graph1743.png,yes
graph5032.png,no
graph2154.png,yes
graph5275.png,yes
graph4246.png,yes
graph4071.png,no
graph4976.png,no
graph4759.png,no
graph1368.png,no
graph1951.png,yes
graph5173.png,no
graph1440.png,no
graph7244.png,yes
graph3596.png,no
graph1311.png,yes
graph4748.png,yes
graph8164.png,no
graph6482.png,no
graph7893.png,yes
graph7128.png,yes
graph5228.png,yes
graph5187.png,no
graph4924.png,no
graph7092.png,yes
graph993.png,yes
graph1275.png,no
graph4311.png,no
graph3699.png,no
graph2165.png,yes
graph1955.png,no
graph5174.png,no
graph6673.png,yes
graph4514.png,yes
graph7240.png,no
graph6955.png,yes
graph4692.png,yes
graph8305.png,yes
graph1862.png,no
graph1658.png,no
graph1362.png,no
graph4044.png,yes
graph4415.png,no
graph6793.png,no
graph2127.png,no
graph950.png,yes
graph3360.png,no
graph4560.png,yes
graph4015.png,no
graph1888.png,no
graph5263.png,yes
graph7293.png,yes
graph7798.png,yes
graph4272.png,no
graph4249.png,no
graph4036.png,yes
graph1897.png,no
graph7702.png,no
graph5071.png,yes
graph7817.png,no
graph4813.png,no
graph4805.png,yes
graph8219.png,yes
graph3464.png,yes
graph5232.png,yes
graph4802.png,no
graph2266.png,yes
graph566.png,no
graph7484.png,no
graph3906.png,yes
graph8271.png,yes
graph6495.png,yes
graph6774.png,no
graph4675.png,no
graph4907.png,no
graph4974.png,no
graph1971.png,no
graph7017.png,yes
graph1386.png,no
graph397.png,yes
graph6782.png,yes
graph652.png,yes
graph7744.png,no
graph3439.png,yes
graph3951.png,no
graph7753.png,yes
graph1604.png,yes
graph1337.png,no
graph616.png,no
graph1487.png,no
graph4866.png,yes
graph3634.png,no
graph1533.png,no
graph2006.png,yes
graph4841.png,yes
graph4877.png,yes
graph573.png,yes
graph7657.png,no
graph439.png,no
graph7906.png,no
graph1546.png,yes
graph6350.png,yes
graph2039.png,yes
graph7416.png,yes
graph7662.png,no
graph5222.png,no
graph1597.png,yes
graph3868.png,yes
graph1298.png,no
graph4991.png,no
graph4906.png,no
graph1816.png,no
graph6456.png,no
graph6878.png,no
graph456.png,no
graph1271.png,yes
graph4870.png,no
graph4110.png,no
graph6916.png,no
graph3583.png,yes
graph4582.png,yes
graph7107.png,no
graph896.png,yes
graph3609.png,no
graph5214.png,no
graph3842.png,yes
graph7781.png,yes
graph611.png,yes
graph6491.png,yes
graph8131.png,no
graph6392.png,yes
graph3631.png,no
graph1094.png,no
graph4048.png,yes
graph1520.png,yes
graph4550.png,no
graph1023.png,no
graph6412.png,no
graph3670.png,yes
graph2257.png,yes
graph2286.png,no
graph1540.png,no
graph6509.png,yes
graph329.png,yes
graph7829.png,no
graph589.png,yes
graph5043.png,yes
graph3974.png,yes
graph8017.png,no
graph3614.png,yes
graph963.png,no
graph3796.png,yes
graph8023.png,no
graph1913.png,yes
graph6444.png,yes
graph4708.png,yes
graph1670.png,yes
graph5068.png,no
graph820.png,no
graph2254.png,no
graph4258.png,no
graph1574.png,yes
graph3818.png,no
graph3518.png,no
graph3856.png,no
graph2199.png,yes
graph4536.png,no
graph4361.png,no
graph7585.png,yes
graph4149.png,no
graph1213.png,no
graph6356.png,yes
graph7142.png,no
graph7513.png,yes
graph7117.png,no
graph3368.png,yes
graph7151.png,yes
graph4146.png,no
graph7555.png,no
graph7011.png,yes
graph1050.png,yes
graph7038.png,yes
graph6728.png,yes
graph5081.png,yes
graph6686.png,yes
graph8284.png,yes
graph3700.png,no
graph8188.png,no
graph7025.png,yes
graph1441.png,no
graph1637.png,no
graph6901.png,yes
graph8147.png,no
graph1048.png,no
graph1042.png,yes
graph748.png,yes
graph3829.png,yes
graph430.png,yes
graph4542.png,yes
graph4457.png,no
graph6811.png,no
graph5005.png,no
graph8019.png,yes
graph6914.png,yes
graph6575.png,no
graph632.png,yes
graph5061.png,no
graph3423.png,yes
graph5206.png,yes
graph3640.png,yes
graph398.png,yes
graph1051.png,no
graph6749.png,no
graph4979.png,yes
graph3636.png,no
graph6714.png,no
graph5039.png,no
graph6534.png,yes
graph4602.png,no
graph5190.png,yes
graph6645.png,no
graph4820.png,yes
graph3999.png,no
graph4718.png,yes
graph733.png,yes
graph4835.png,yes
graph3635.png,no
graph780.png,yes
graph6560.png,yes
graph3696.png,yes
graph549.png,yes
graph2215.png,yes
graph6857.png,yes
graph1860.png,yes
graph6662.png,yes
graph6442.png,no
graph6967.png,no
graph4654.png,yes
graph4290.png,no
graph8253.png,yes
graph852.png,no
graph4029.png,yes
graph3697.png,no
graph7729.png,no
graph7886.png,no
graph710.png,yes
graph7786.png,yes
graph1671.png,yes
graph869.png,no
graph7044.png,no
graph4254.png,no
graph4517.png,no
graph3681.png,yes
graph5285.png,yes
graph1070.png,no
graph1700.png,no
graph2019.png,no
graph2058.png,yes
graph645.png,no
graph3843.png,yes
graph523.png,no
graph7771.png,yes
graph3591.png,no
graph1731.png,yes
graph4842.png,no
graph7992.png,yes
graph7726.png,yes
graph1553.png,no
graph7573.png,yes
graph4176.png,yes
graph1788.png,no
graph6764.png,no
graph2068.png,yes
graph4008.png,yes
graph7157.png,no
graph986.png,yes
graph6513.png,no
graph4615.png,yes
graph5188.png,yes
graph1784.png,no
graph7174.png,yes
graph1828.png,yes
graph6849.png,yes
graph1585.png,yes
graph5113.png,no
graph1197.png,yes
graph4377.png,no
graph7809.png,yes
graph6859.png,yes
graph694.png,no
graph7209.png,yes
graph8143.png,no
graph2172.png,no
graph8001.png,no
graph7075.png,no
graph7198.png,no
graph4240.png,yes
graph678.png,yes
graph1649.png,no
graph957.png,yes
graph1977.png,no
graph1804.png,yes
graph1469.png,yes
graph7517.png,no
graph4539.png,no
graph340.png,no
graph1121.png,no
graph6912.png,no
graph1767.png,no
graph4989.png,no
graph467.png,yes
graph7825.png,no
graph4872.png,no
graph7401.png,yes
graph4614.png,no
graph7039.png,yes
graph707.png,no
graph6847.png,yes
graph6583.png,no
graph6758.png,yes
graph353.png,no
graph7069.png,yes
graph7928.png,yes
graph1660.png,no
graph1128.png,yes
graph4538.png,no
graph5031.png,no
graph4666.png,no
graph4404.png,yes
graph360.png,no
graph7664.png,no
graph2105.png,yes
graph599.png,no
graph6345.png,yes
graph4880.png,no
graph1227.png,no
graph497.png,no
graph2188.png,yes
graph908.png,no
graph7330.png,yes
graph1315.png,no
graph8032.png,no
graph5294.png,no
graph6819.png,yes
graph7900.png,yes
graph1419.png,yes
graph6816.png,yes
graph7932.png,yes
graph3574.png,no
graph5270.png,no
graph4944.png,no
graph7492.png,yes
graph7306.png,yes
graph8133.png,no
graph1517.png,yes
graph7577.png,no
graph1876.png,no
graph1175.png,yes
graph7308.png,yes
graph4421.png,no
graph8223.png,yes
graph8118.png,no
graph3447.png,no
graph1168.png,yes
graph1494.png,yes
graph8263.png,yes
graph2020.png,yes
graph688.png,yes
graph7148.png,yes
graph1116.png,yes
graph1169.png,yes
graph5277.png,yes
graph1645.png,no
graph6676.png,yes
graph3711.png,no
graph7783.png,no
graph7313.png,no
graph8256.png,no
graph774.png,no
graph7967.png,yes
graph8008.png,no
graph5049.png,no
graph7109.png,no
graph3571.png,yes
graph674.png,no
graph7282.png,no
graph413.png,yes
graph6813.png,yes
graph7233.png,no
graph7056.png,no
graph3790.png,no
graph8141.png,yes
graph3351.png,yes
graph1344.png,no
graph7523.png,yes
graph8301.png,no
graph6326.png,yes
graph4793.png,yes
graph4936.png,yes
graph1619.png,no
graph701.png,yes
graph4151.png,no
graph7734.png,no
graph885.png,yes
graph7864.png,no
graph6958.png,no
graph6695.png,no
graph949.png,yes
graph3972.png,yes
graph7631.png,no
graph6742.png,no
graph3454.png,yes
graph7448.png,no
graph4171.png,yes
graph4465.png,no
graph6619.png,yes
graph6526.png,yes
graph6577.png,yes
graph3801.png,no
graph3545.png,yes
graph8268.png,no
graph930.png,no
graph2205.png,no
graph1919.png,yes
graph6553.png,no
graph1997.png,no
graph4352.png,no
graph1778.png,yes
graph3881.png,no
graph6687.png,yes
graph1850.png,yes
graph3580.png,no
graph8283.png,yes
graph583.png,no
graph8018.png,no
graph4289.png,no
graph5253.png,yes
graph1796.png,yes
graph4206.png,yes
graph4177.png,no
graph1521.png,no
graph3763.png,yes
graph7637.png,no
graph1727.png,yes
graph4698.png,no
graph6753.png,yes
graph6855.png,no
graph6566.png,yes
graph3458.png,no
graph1151.png,yes
graph452.png,yes
graph4020.png,yes
graph1034.png,no
graph2123.png,no
graph387.png,no
graph1002.png,no
graph334.png,no
graph429.png,yes
graph4622.png,yes
graph6450.png,no
graph3568.png,no
graph4330.png,no
graph1525.png,no
graph1489.png,no
graph1680.png,no
graph5079.png,yes
graph4744.png,no
graph6459.png,no
graph6930.png,yes
graph4887.png,yes
graph3633.png,yes
graph6977.png,yes
graph1961.png,yes
graph6380.png,yes
graph3964.png,no
graph4915.png,yes
graph4671.png,yes
graph6399.png,yes
graph8238.png,yes
graph4995.png,no
graph6678.png,no
graph4862.png,no
graph1445.png,no
graph7268.png,yes
graph2069.png,no
graph8288.png,no
graph7392.png,no
graph3849.png,no
graph3941.png,no
graph7098.png,yes
graph8068.png,yes
graph6932.png,no
graph6766.png,yes
graph8075.png,yes
graph4716.png,no
graph1278.png,yes
graph7450.png,yes
graph6838.png,no
graph3692.png,yes
graph7853.png,yes
graph2086.png,no
graph3358.png,yes
graph2046.png,yes
graph7106.png,no
graph1095.png,no
graph4620.png,yes
graph3395.png,yes
graph7370.png,no
graph544.png,yes
graph7410.png,no
graph1289.png,no
graph648.png,yes
graph4690.png,no
graph6862.png,yes
graph719.png,no
graph6576.png,yes
graph7204.png,yes
graph6863.png,no
graph3409.png,yes
graph7629.png,no
graph5309.png,no
graph4124.png,yes
graph7866.png,yes
graph6923.png,no
graph6437.png,no
graph7248.png,yes
graph469.png,no
graph3937.png,yes
graph4466.png,no
graph8250.png,no
graph695.png,no
graph1458.png,yes
graph6783.png,yes
graph382.png,yes
graph3812.png,yes
graph1990.png,no
graph4704.png,no
graph8247.png,no
graph4838.png,yes
graph6521.png,yes
graph342.png,no
graph4269.png,yes
graph6900.png,yes
graph1141.png,yes
graph4191.png,no
graph463.png,no
graph1250.png,no
graph906.png,no
graph4837.png,yes
graph5112.png,yes
graph4126.png,no
graph5201.png,no
graph4122.png,no
graph7262.png,yes
graph4223.png,yes
graph2119.png,yes
graph7937.png,no
graph7672.png,yes
graph3943.png,yes
graph6460.png,no
graph3367.png,yes
graph5070.png,yes
graph1384.png,yes
graph4664.png,no
graph6988.png,no
graph1704.png,no
graph1232.png,no
graph4736.png,yes
graph7183.png,yes
graph3933.png,yes
graph1826.png,no
graph6781.png,yes
graph1870.png,yes
graph1461.png,yes
graph4214.png,no
graph3402.png,no
graph1308.png,no
graph4323.png,yes
graph6897.png,no
graph1859.png,no
graph3703.png,no
graph3735.png,yes
graph4275.png,yes
graph8273.png,no
graph1266.png,no
graph5052.png,yes
graph4547.png,no
graph1331.png,yes
graph6833.png,no
graph1022.png,yes
graph8255.png,yes
graph4579.png,yes
graph1140.png,yes
graph1617.png,no
graph4983.png,no
graph7957.png,yes
graph673.png,no
graph5144.png,no
graph2289.png,no
graph4059.png,no
graph3666.png,no
graph6358.png,no
graph1818.png,no
graph1119.png,yes
graph4772.png,no
graph2043.png,yes
graph7250.png,no
graph4358.png,no
graph7346.png,yes
graph5296.png,no
graph1754.png,yes
graph4758.png,yes
graph7124.png,no
graph6959.png,no
graph6638.png,yes
graph3758.png,no
graph6573.png,yes
graph4339.png,no
graph7356.png,no
graph1994.png,yes
graph700.png,yes
graph4253.png,no
graph8226.png,yes
graph391.png,no
graph7592.png,no
graph3327.png,yes
graph4312.png,no
graph7519.png,yes
graph6905.png,no
graph1322.png,yes
graph4706.png,no
graph7759.png,yes
graph3984.png,no
graph8042.png,no
graph373.png,no
graph1420.png,yes
graph1879.png,no
graph915.png,yes
graph6341.png,no
graph912.png,yes
graph2002.png,yes
graph7855.png,no
graph7249.png,no
graph7695.png,no
graph7951.png,no
graph8198.png,yes
graph7487.png,yes
graph437.png,yes
graph7366.png,no
graph8151.png,yes
graph3993.png,no
graph574.png,no
graph6898.png,yes
graph3713.png,no
graph7140.png,no
graph5083.png,no
graph1668.png,yes
graph4304.png,no
graph851.png,yes
graph4663.png,no
graph3324.png,no
graph4233.png,no
graph4925.png,no
graph3958.png,no
graph3450.png,yes
graph1300.png,yes
graph6533.png,yes
graph6982.png,yes
graph3926.png,yes
graph7285.png,yes
graph680.png,yes
graph7890.png,no
graph4868.png,yes
graph4410.png,no
graph5224.png,no
graph3595.png,yes
graph3789.png,no
graph1370.png,yes
graph1821.png,yes
graph7112.png,yes
graph6733.png,yes
graph1188.png,yes
graph1794.png,no
graph8119.png,yes
graph1556.png,yes
graph6532.png,yes
graph3377.png,yes
graph7246.png,no
graph7939.png,no
graph1522.png,yes
graph3673.png,yes
graph7826.png,yes
graph8156.png,no
graph4135.png,yes
graph7000.png,no
graph6865.png,yes
graph3326.png,no
graph729.png,yes
graph4580.png,no
graph8014.png,yes
graph4509.png,yes
graph4695.png,yes
graph7640.png,no
graph3859.png,yes
graph3391.png,no
graph1815.png,yes
graph316.png,yes
graph4677.png,yes
graph4621.png,no
graph410.png,no
graph3990.png,no
graph1112.png,no
graph6396.png,no
graph1025.png,no
graph381.png,no
graph3344.png,yes
graph878.png,no
graph315.png,yes
graph552.png,yes
graph3428.png,no
graph1383.png,yes
graph6316.png,yes
graph7440.png,no
graph481.png,yes
graph5193.png,yes
graph1307.png,yes
graph7152.png,yes
graph380.png,no
graph4030.png,no
graph660.png,yes
graph7843.png,no
graph8094.png,yes
graph3664.png,yes
graph1991.png,yes
graph4694.png,yes
graph1221.png,yes
graph921.png,no
graph1653.png,no
graph618.png,no
graph475.png,no
graph1605.png,yes
graph438.png,yes
graph6730.png,yes
graph6335.png,yes
graph3886.png,no
graph4597.png,yes
graph4569.png,yes
graph5306.png,no
graph3641.png,yes
graph4900.png,no
graph365.png,no
graph3559.png,no
graph7899.png,yes
graph1568.png,no
graph7422.png,no
graph635.png,yes
graph1462.png,yes
graph7832.png,yes
graph474.png,no
graph8202.png,yes
graph7548.png,no
graph2163.png,no
graph6498.png,yes
graph6472.png,no
graph4235.png,no
graph6858.png,no
graph3805.png,no
graph7067.png,yes
graph1719.png,no
graph6342.png,yes
graph1324.png,yes
graph1744.png,no
graph4381.png,yes
graph7175.png,yes
graph6409.png,yes
graph7868.png,yes
graph499.png,yes
graph7782.png,yes
graph1382.png,no
graph8278.png,yes
graph7287.png,no
graph6991.png,yes
graph7480.png,no
graph7716.png,yes
graph7311.png,no
graph3976.png,no
graph7378.png,no
graph1529.png,no
graph5295.png,yes
graph7064.png,yes
graph5307.png,yes
graph7530.png,no
graph6370.png,yes
graph1698.png,yes
graph4804.png,no
graph6605.png,no
graph7215.png,yes
graph1506.png,no
graph751.png,no
graph8170.png,no
graph7976.png,yes
graph5308.png,no
graph3476.png,yes
graph1707.png,no
graph3567.png,no
graph7971.png,yes
graph1341.png,no
graph345.png,no
graph4910.png,yes
graph4292.png,yes
graph2274.png,yes
graph4270.png,yes
graph5150.png,no
graph1379.png,yes
graph2066.png,yes
graph6748.png,no
graph1523.png,yes
graph1305.png,no
graph3468.png,yes
graph5102.png,yes
graph7857.png,yes
graph7988.png,no
graph6331.png,no
graph7747.png,yes
graph6401.png,no
graph8005.png,yes
graph1558.png,no
graph1762.png,no
graph1467.png,yes
graph4259.png,yes
graph7915.png,no
graph7289.png,yes
graph1869.png,yes
graph4134.png,yes
graph6633.png,yes
graph7518.png,yes
graph3398.png,yes
graph6713.png,yes
graph4987.png,no
graph8194.png,yes
graph5050.png,no
graph7388.png,no
graph7713.png,no
graph2263.png,yes
graph3436.png,yes
graph7053.png,yes
graph7173.png,no
graph786.png,yes
graph3884.png,yes
graph718.png,no
graph1610.png,no
graph787.png,no
graph884.png,yes
graph5157.png,no
graph7528.png,no
graph4079.png,no
graph4444.png,yes
graph7768.png,no
graph2312.png,yes
graph1414.png,no
graph5126.png,yes
graph4389.png,no
graph8106.png,yes
graph1485.png,no
graph3857.png,yes
graph1207.png,no
graph1854.png,yes
graph1734.png,no
graph363.png,yes
graph4170.png,yes
graph8113.png,yes
graph5205.png,no
graph2305.png,no
graph727.png,no
graph2135.png,yes
graph3597.png,no
graph4764.png,no
graph2057.png,no
graph6965.png,yes
graph1703.png,no
graph6417.png,yes
graph5105.png,no
graph6839.png,no
graph320.png,yes
graph1751.png,no
graph1262.png,no
graph1666.png,no
graph683.png,no
graph4741.png,yes
graph2091.png,no
graph4901.png,no
graph7167.png,yes
graph2203.png,no
graph7824.png,yes
graph4515.png,yes
graph4739.png,yes
graph555.png,no
graph1148.png,no
graph5035.png,yes
graph1390.png,no
graph6861.png,yes
graph2007.png,no
graph6325.png,yes
graph4327.png,no
graph1573.png,yes
graph1102.png,yes
graph6830.png,yes
graph7710.png,no
graph5087.png,no
graph3623.png,yes
graph4324.png,yes
graph6394.png,yes
graph7617.png,yes
graph7467.png,no
graph6569.png,no
graph4261.png,yes
graph4043.png,yes
graph2073.png,no
graph3331.png,no
graph3956.png,no
graph6706.png,yes
graph7114.png,yes
graph6696.png,no
graph6719.png,yes
graph1202.png,yes
graph4786.png,yes
graph4487.png,no
graph6788.png,yes
graph5119.png,no
graph4456.png,yes
graph4299.png,yes
graph7623.png,no
graph7665.png,yes
graph7683.png,yes
graph801.png,yes
graph966.png,no
graph595.png,yes
graph4475.png,no
graph1263.png,no
graph5186.png,yes
graph7847.png,yes
graph6724.png,no
graph3876.png,no
graph1361.png,no
graph564.png,yes
graph7852.png,no
graph1924.png,yes
graph4387.png,yes
graph4752.png,yes
graph927.png,no
graph4288.png,no
graph5121.png,yes
graph492.png,yes
graph1917.png,no
graph3390.png,yes
graph3895.png,no
graph1809.png,yes
graph662.png,no
graph7655.png,yes
graph6976.png,no
graph1011.png,no
graph3392.png,yes
graph2251.png,no
graph2298.png,yes
graph7827.png,no
graph1309.png,yes
graph7307.png,yes
graph4099.png,no
graph7417.png,yes
graph3546.png,yes
graph8262.png,no
graph6544.png,no
graph6765.png,no
graph1880.png,no
graph7491.png,yes
graph6664.png,no
graph7830.png,no
graph4749.png,yes
graph7131.png,no
graph6372.png,yes
graph4376.png,yes
graph6729.png,yes
graph5191.png,yes
graph6529.png,yes
graph808.png,yes
graph4583.png,no
graph8243.png,yes
graph4656.png,yes
graph6600.png,no
graph847.png,yes
graph1847.png,yes
graph7463.png,no
graph2249.png,yes
graph1947.png,yes
graph7561.png,yes
graph6439.png,yes
graph7222.png,yes
graph752.png,no
graph4182.png,no
graph1973.png,yes
graph785.png,yes
graph7790.png,no
graph1049.png,yes
graph1332.png,no
graph3552.png,no
graph1069.png,no
graph703.png,no
graph1036.png,yes
graph4725.png,yes
graph3478.png,yes
graph4100.png,no
graph4784.png,yes
graph7034.png,yes
graph709.png,no
graph1493.png,no
graph1248.png,no
graph1858.png,yes
graph7615.png,no
graph357.png,no
graph8282.png,yes
graph1201.png,no
graph704.png,yes
graph3870.png,no
graph4401.png,yes
graph375.png,yes
graph3708.png,no
graph1273.png,no
graph4627.png,no
graph685.png,yes
graph3362.png,no
graph6864.png,no
graph2231.png,yes
graph5080.png,no
graph7135.png,no
graph369.png,no
graph2292.png,no
graph5246.png,yes
graph6610.png,yes
graph7443.png,yes
graph3616.png,yes
graph2160.png,no
graph4033.png,no
graph8153.png,no
graph4935.png,yes
graph4006.png,no
graph6943.png,no
graph3929.png,yes
graph6721.png,no
graph2032.png,no
graph6671.png,no
graph8117.png,no
graph6986.png,yes
graph3979.png,yes
graph7694.png,yes
graph1027.png,no
graph8043.png,no
graph6672.png,no
graph763.png,yes
graph3852.png,yes
graph7074.png,no
graph6377.png,no
graph3410.png,no
graph3816.png,yes
graph7814.png,no
graph8056.png,yes
graph4349.png,yes
graph6699.png,yes
graph835.png,no
graph6550.png,yes
graph3925.png,no
graph655.png,yes
graph7095.png,yes
graph2079.png,no
graph6722.png,yes
graph5132.png,no
graph7001.png,no
graph7270.png,yes
graph5033.png,yes
graph1438.png,no
graph3677.png,no
graph8189.png,yes
graph4011.png,no
graph8152.png,no
graph7002.png,no
graph1105.png,no
graph5111.png,yes
graph4577.png,yes
graph8004.png,no
graph8249.png,yes
graph4498.png,yes
graph1530.png,no
graph1301.png,no
graph4968.png,no
graph7844.png,yes
graph7284.png,yes
graph857.png,no
graph346.png,no
graph1316.png,no
graph3630.png,no
graph2244.png,yes
graph1887.png,no
graph3773.png,no
graph3910.png,no
graph7563.png,no
graph6565.png,no
graph3404.png,yes
graph4247.png,yes
graph3716.png,no
graph1899.png,yes
graph4535.png,yes
graph4705.png,yes
graph3405.png,yes
graph5053.png,yes
graph6584.png,yes
graph8154.png,no
graph5075.png,yes
graph7962.png,no
graph4576.png,no
graph1824.png,yes
graph659.png,yes
graph2124.png,yes
graph1473.png,no
graph4300.png,yes
graph1475.png,yes
graph317.png,no
graph8028.png,yes
graph4904.png,no
graph3898.png,no
graph1691.png,no
graph6628.png,yes
graph2290.png,no
graph7334.png,yes
graph8031.png,yes
graph1259.png,yes
graph4631.png,no
graph3332.png,no
graph672.png,no
graph1755.png,yes
graph6856.png,yes
graph6691.png,yes
graph8045.png,no
graph5060.png,yes
graph2141.png,no
graph4436.png,yes
graph1867.png,no
graph6960.png,no
graph6651.png,no
graph8269.png,yes
graph6556.png,no
graph4619.png,no
graph4726.png,yes
graph6449.png,no
graph3733.png,yes
graph1798.png,no
graph1946.png,yes
graph7674.png,no
graph2177.png,yes
graph4581.png,yes
graph7532.png,yes
graph8211.png,yes
graph6754.png,no
graph7721.png,no
graph764.png,no
graph7854.png,no
graph881.png,yes
graph335.png,yes
graph6911.png,no
graph1656.png,yes
graph3715.png,yes
graph1564.png,yes
graph7239.png,yes
graph4516.png,yes
graph7049.png,yes
graph3913.png,no
graph7867.png,no
graph1253.png,no
graph4199.png,no
graph4232.png,yes
graph1155.png,yes
graph4464.png,no
graph958.png,no
graph640.png,no
graph1297.png,yes
graph4091.png,yes
graph1097.png,yes
graph7779.png,yes
graph901.png,no
graph7123.png,no
graph7281.png,yes
graph4002.png,no
graph1591.png,yes
graph7638.png,yes
graph4689.png,yes
graph5273.png,yes
graph1084.png,no
graph3871.png,no
graph8071.png,yes
graph2210.png,yes
graph8212.png,no
graph7878.png,no
graph4094.png,no
graph8299.png,no
graph7589.png,no
graph3878.png,no
graph1347.png,no
graph2099.png,yes
graph4791.png,no
graph2035.png,yes
graph7447.png,yes
graph3543.png,yes
graph1538.png,no
graph487.png,yes
graph3558.png,yes
graph6363.png,yes
graph1600.png,yes
graph7980.png,yes
graph5156.png,yes
graph8183.png,no
graph827.png,no
graph1357.png,yes
graph5123.png,no
graph4211.png,no
graph407.png,no
graph3777.png,no
graph2053.png,yes
graph3370.png,no
graph5141.png,no
graph7500.png,yes
graph3848.png,no
graph1421.png,no
graph1394.png,yes
graph1274.png,no
graph7547.png,no
graph7621.png,yes
graph4847.png,yes
graph7444.png,yes
graph4928.png,yes
graph1463.png,yes
graph4961.png,yes
graph4320.png,no
graph4702.png,yes
graph6894.png,no
graph6909.png,yes
graph6555.png,no
graph3477.png,yes
graph825.png,yes
graph7748.png,no
graph337.png,yes
graph4963.png,no
graph1260.png,yes
graph6352.png,yes
graph3348.png,yes
graph7321.png,yes
graph1874.png,yes
graph4643.png,yes
graph7880.png,no
graph406.png,no
graph1772.png,yes
graph3743.png,yes
graph8244.png,no
graph7280.png,yes
graph4230.png,no
graph1677.png,yes
graph8161.png,yes
graph7671.png,yes
graph1157.png,no
graph3645.png,no
graph3347.png,no
graph747.png,no
graph7700.png,no
graph856.png,yes
graph4556.png,no
graph6737.png,no
graph7421.png,yes
graph4298.png,no
graph4138.png,yes
graph8279.png,yes
graph1103.png,no
graph7139.png,yes
graph3653.png,no
graph6682.png,yes
graph6418.png,yes
graph1581.png,yes
graph1728.png,no
graph1599.png,yes
graph1306.png,no
graph378.png,yes
graph1398.png,yes
graph6567.png,yes
graph4958.png,no
graph4938.png,no
graph6689.png,yes
graph4406.png,no
graph4729.png,no
graph1336.png,yes
graph4154.png,no
graph6948.png,yes
graph3977.png,yes
graph8098.png,no
graph5259.png,yes
graph4882.png,no
graph3411.png,yes
graph532.png,yes
graph7524.png,yes
graph6537.png,yes
graph4973.png,no
graph8275.png,yes
graph8070.png,no
graph1811.png,no
graph7610.png,yes
graph500.png,no
graph4781.png,no
graph3723.png,yes
graph3499.png,yes
graph7026.png,yes
graph7489.png,no
graph3815.png,yes
graph1524.png,no
graph1385.png,yes
graph7462.png,no
graph1470.png,yes
graph1198.png,yes
graph4588.png,yes
graph1482.png,yes
graph4700.png,yes
graph4801.png,yes
graph636.png,no
graph7071.png,no
graph4600.png,yes
graph6484.png,yes
graph7794.png,yes
graph557.png,no
graph7954.png,yes
graph3556.png,yes
graph8136.png,yes
graph561.png,yes
graph1195.png,yes
graph4143.png,no
graph2147.png,no
graph4913.png,no
graph8258.png,no
graph3835.png,yes
graph6792.png,no
graph7439.png,no
graph1930.png,yes
graph7436.png,yes
graph4747.png,no
graph872.png,no
graph4537.png,yes
graph2049.png,yes
graph8013.png,no
graph951.png,yes
graph6386.png,yes
graph7499.png,yes
graph4626.png,no
graph3534.png,no
graph4701.png,no
graph4897.png,no
graph569.png,no
graph1170.png,no
graph1550.png,no
graph2184.png,no
graph937.png,yes
graph5051.png,yes
graph512.png,yes
graph2235.png,no
graph4605.png,no
graph7856.png,yes
graph8171.png,yes
graph4740.png,yes
graph3576.png,yes
graph535.png,no
graph5118.png,no
graph6317.png,yes
graph7187.png,no
graph2034.png,no
graph2052.png,yes
graph8254.png,yes
graph606.png,no
graph1115.png,no
graph3533.png,yes
graph2144.png,yes
graph1003.png,yes
graph4081.png,no
graph3694.png,no
graph4127.png,no
graph4021.png,yes
graph518.png,no
graph7614.png,no
graph5236.png,no
graph313.png,yes
graph874.png,yes
graph2213.png,no
graph7942.png,yes
graph708.png,yes
graph1944.png,no
graph4379.png,no
graph4578.png,no
graph4402.png,yes
graph1243.png,yes
graph1541.png,no
graph3625.png,no
graph6957.png,no
graph7292.png,yes
graph7314.png,yes
graph4383.png,no
graph6415.png,no
graph4808.png,yes
graph6373.png,no
graph6466.png,no
graph880.png,no
graph7188.png,yes
graph4856.png,no
graph5183.png,no
graph5130.png,no
graph1972.png,no
graph8025.png,no
graph1786.png,no
graph7533.png,yes
graph5027.png,no
graph920.png,no
graph4894.png,yes
graph725.png,yes
graph3472.png,no
graph651.png,yes
graph3440.png,yes
graph628.png,no
graph714.png,no
graph2204.png,no
graph4867.png,no
graph1760.png,no
graph3994.png,yes
graph1898.png,yes
graph3991.png,yes
graph4865.png,yes
graph505.png,yes
graph7202.png,no
graph4396.png,yes
graph1557.png,yes
graph5226.png,yes
graph7267.png,yes
graph8036.png,yes
graph5127.png,yes
graph4328.png,no
graph7612.png,no
graph1079.png,yes
graph4494.png,yes
graph3892.png,yes
graph4977.png,no
graph7871.png,no
graph6677.png,yes
graph1513.png,no
graph8241.png,no
graph1019.png,yes
graph6634.png,yes
graph4685.png,yes
graph643.png,yes
graph4141.png,no
graph1286.png,no
graph6927.png,yes
graph6725.png,no
graph1443.png,yes
graph7235.png,no
graph1601.png,no
graph6784.png,no
graph7068.png,yes
graph7336.png,yes
graph354.png,no
graph924.png,no
graph2050.png,yes
graph6490.png,no
graph4637.png,no
graph7079.png,no
graph4356.png,no
graph2202.png,no
graph4117.png,yes
graph1110.png,no
graph7385.png,no
graph7316.png,yes
graph629.png,yes
graph1514.png,yes
graph3767.png,yes
graph4189.png,no
graph8053.png,no
graph4782.png,no
graph1249.png,yes
graph431.png,no
graph693.png,no
graph1701.png,no
graph4795.png,yes
graph3388.png,yes
graph4013.png,no
graph627.png,yes
graph7895.png,yes
graph7031.png,yes
graph2133.png,no
graph4041.png,no
graph4546.png,yes
graph1721.png,yes
graph601.png,yes
graph7872.png,yes
graph6675.png,no
graph4647.png,yes
graph1782.png,no
graph7924.png,yes
graph6935.png,no
graph1545.png,yes
graph746.png,no
graph7613.png,yes
graph6906.png,yes
graph2287.png,yes
graph4864.png,yes
graph1684.png,yes
graph6580.png,no
graph1403.png,no
graph4313.png,yes
graph7014.png,no
graph658.png,yes
graph2246.png,no
graph4493.png,yes
graph3807.png,no
graph7121.png,yes
graph7477.png,no
graph1377.png,yes
graph6423.png,no
graph7970.png,no
graph1648.png,no
graph1534.png,no
graph4844.png,no
graph4173.png,yes
graph4909.png,yes
graph4978.png,yes
graph7390.png,yes
graph4839.png,yes
graph3957.png,no
graph7168.png,yes
graph6831.png,no
graph1254.png,no
graph8276.png,yes
graph6496.png,no
graph6348.png,yes
graph5189.png,yes
graph7896.png,no
graph1125.png,yes
graph3584.png,yes
graph3502.png,yes
graph6802.png,no
graph4895.png,no
graph1561.png,no
graph1430.png,yes
graph8237.png,no
graph8257.png,no
graph3417.png,no
graph7717.png,no
graph5287.png,yes
graph2260.png,no
graph8311.png,yes
graph6548.png,yes
graph4504.png,no
graph3611.png,no
graph8148.png,no
graph953.png,yes
graph2166.png,yes
graph4210.png,no
graph2214.png,yes
graph625.png,yes
graph4112.png,yes
graph8123.png,no
graph4798.png,yes
graph3746.png,no
graph797.png,yes
graph4116.png,yes
graph995.png,no
graph8078.png,no
graph5304.png,no
graph1810.png,yes
graph7143.png,no
graph3660.png,no
graph6778.png,no
graph7438.png,yes
graph3606.png,yes
graph2113.png,no
graph7920.png,yes
graph615.png,yes
graph6945.png,yes
graph1593.png,yes
graph6791.png,no
graph6313.png,yes
graph8009.png,yes
graph604.png,no
graph1752.png,no
graph936.png,yes
graph6599.png,yes
graph2110.png,no
graph1416.png,yes
graph4207.png,yes
graph5192.png,no
graph1074.png,no
graph7761.png,no
graph4484.png,yes
graph527.png,no
graph4305.png,yes
graph1982.png,no
graph6464.png,no
graph5264.png,yes
graph2271.png,yes
graph1302.png,no
graph3451.png,no
graph4607.png,yes
graph6541.png,yes
graph7947.png,no
graph706.png,no
graph3826.png,yes
graph3401.png,no
graph1592.png,yes
graph1464.png,yes
graph1065.png,yes
graph1106.png,no
graph7027.png,no
graph7601.png,yes
graph1423.png,no
graph2194.png,yes
graph4999.png,no
graph1539.png,no
graph7350.png,no
graph5240.png,yes
graph765.png,no
graph4101.png,no
graph418.png,yes
graph2146.png,yes
graph843.png,yes
graph6790.png,yes
graph2299.png,no
graph7986.png,yes
graph2074.png,no
graph6747.png,no
graph2004.png,no
graph515.png,no
graph3343.png,yes
graph7652.png,yes
graph3657.png,yes
graph687.png,yes
graph7841.png,yes
graph3804.png,no
graph2186.png,no
graph3672.png,no
graph1272.png,no
graph3971.png,no
graph4780.png,yes
graph7602.png,no
graph4375.png,no
graph7434.png,yes
graph8217.png,yes
graph6489.png,no
graph4012.png,yes
graph5073.png,yes
graph6378.png,no
graph7570.png,yes
graph5281.png,yes
graph2125.png,no
graph2129.png,no
graph4876.png,yes
graph4196.png,no
graph7859.png,no
graph4062.png,no
graph1356.png,no
graph1007.png,yes
graph3572.png,yes
graph7567.png,no
graph6731.png,yes
graph3771.png,yes
graph7312.png,no
graph4131.png,yes
graph4040.png,no
graph7935.png,yes
graph7435.png,no
graph4034.png,no
graph4362.png,no
graph4175.png,yes
graph546.png,yes
graph503.png,yes
graph2270.png,no
graph4684.png,yes
graph7161.png,yes
graph6763.png,yes
graph4696.png,no
graph7728.png,yes
graph4458.png,no
graph7162.png,no
graph6536.png,no
graph7628.png,yes
graph2308.png,no
graph4932.png,no
graph560.png,yes
graph1735.png,no
graph1196.png,yes
graph2278.png,no
graph8122.png,yes
graph7598.png,yes
graph1625.png,no
graph608.png,yes
graph376.png,yes
graph6984.png,no
graph637.png,no
graph7634.png,yes
graph2285.png,yes
graph2149.png,no
graph1028.png,no
graph444.png,no
graph4184.png,no
graph7676.png,no
graph1609.png,yes
graph7718.png,yes
graph7490.png,yes
graph4016.png,no
graph5067.png,no
graph4526.png,no
graph1233.png,yes
graph358.png,no
graph4437.png,yes
graph4005.png,no
graph7170.png,yes
graph613.png,yes
graph4400.png,no
graph5269.png,yes
graph1327.png,no
graph6612.png,yes
graph2310.png,yes
graph8232.png,no
graph3646.png,yes
graph7927.png,yes
graph3491.png,no
graph7991.png,no
graph3661.png,yes
graph6850.png,yes
graph7404.png,yes
graph7395.png,yes
graph1142.png,no
graph5078.png,no
graph1502.png,no
graph1104.png,no
graph1226.png,yes
graph7760.png,no
graph4439.png,no
graph3446.png,yes
graph2112.png,yes
graph7047.png,no
graph1455.png,yes
graph3932.png,yes
graph4226.png,no
graph1807.png,yes
graph7540.png,no
graph374.png,no
graph7455.png,no
graph3921.png,yes
graph427.png,no
graph603.png,yes
graph6522.png,no
graph7538.png,yes
graph6419.png,yes
graph7433.png,yes
graph1676.png,yes
graph4345.png,yes
graph1013.png,yes
graph7780.png,no
graph371.png,yes
graph4818.png,no
graph457.png,no
graph2118.png,no
graph4236.png,no
graph3389.png,no
graph4814.png,no
graph8159.png,yes
graph7341.png,yes
graph2200.png,no
graph4495.png,no
graph8125.png,yes
graph4624.png,no
graph6561.png,yes
graph1570.png,yes
graph6500.png,no
graph1843.png,no
graph2288.png,yes
graph7848.png,yes
graph6443.png,no
graph1603.png,yes
graph1293.png,no
graph6572.png,yes
graph850.png,no
graph922.png,no
graph6866.png,no
graph6679.png,yes
graph7773.png,yes
graph349.png,no
graph1158.png,yes
graph7206.png,no
graph3599.png,yes
graph865.png,yes
graph4422.png,yes
graph1224.png,no
graph1654.png,yes
graph7050.png,yes
graph1587.png,no
graph5010.png,yes
graph3744.png,yes
graph6907.png,yes
graph4335.png,no
graph7746.png,no
graph7061.png,no
graph411.png,no
graph5234.png,yes
graph2302.png,no
graph686.png,no
graph1200.png,no
graph6854.png,yes
graph4855.png,no
graph859.png,no
graph4815.png,no
graph6796.png,yes
graph7362.png,yes
graph2282.png,yes
graph1454.png,no
graph4245.png,no
graph5248.png,no
graph7582.png,yes
graph4434.png,yes
graph7799.png,yes
graph4295.png,no
graph6698.png,yes
graph4449.png,no
graph8016.png,no
graph7772.png,yes
graph7624.png,no
graph1950.png,no
graph4959.png,no
graph4080.png,no
graph3813.png,yes
graph2273.png,yes
graph4193.png,yes
graph8126.png,no
graph7178.png,no
graph944.png,yes
graph8095.png,yes
graph6404.png,yes
graph6441.png,yes
graph4661.png,yes
graph1366.png,yes
graph3520.png,yes
graph6601.png,no
graph4277.png,yes
graph1966.png,yes
graph1230.png,no
graph4829.png,no
graph7636.png,yes
graph2237.png,no
graph1571.png,no
graph6851.png,yes
graph2106.png,no
graph455.png,no
graph6815.png,no
graph7977.png,yes
graph5225.png,no
graph1045.png,no
graph4970.png,yes
graph4333.png,no
graph1330.png,yes
graph4283.png,yes
graph3709.png,no
graph2212.png,no
graph7013.png,yes
graph6640.png,yes
graph4035.png,yes
graph3793.png,yes
graph7804.png,yes
graph4089.png,no
graph1943.png,no
graph5110.png,yes
graph6768.png,no
graph6516.png,no
graph1576.png,yes
graph4957.png,no
graph318.png,no
graph7301.png,no
graph7338.png,no
graph1846.png,no
graph644.png,no
graph1682.png,no
graph1580.png,no
graph3726.png,yes
graph4662.png,no
graph8093.png,yes
graph3899.png,yes
graph8166.png,no
graph6636.png,yes
graph540.png,yes
graph5256.png,yes
graph1904.png,yes
graph7566.png,yes
graph5265.png,no
graph4618.png,no
graph333.png,no
graph2088.png,yes
graph314.png,yes
graph3924.png,no
graph1857.png,no
graph7150.png,yes
graph750.png,no
graph4523.png,yes
graph4899.png,yes
graph818.png,no
graph4785.png,no
graph7807.png,yes
graph4354.png,no
graph2265.png,yes
graph2234.png,yes
graph6515.png,no
graph7626.png,yes
graph7831.png,no
graph1531.png,no
graph7376.png,yes
graph7412.png,yes
graph4567.png,no
graph6929.png,no
graph7449.png,no
graph4208.png,yes
graph3381.png,no
graph7023.png,no
graph4251.png,yes
graph990.png,no
graph4023.png,no
graph5245.png,yes
graph3841.png,yes
graph6852.png,yes
graph4265.png,yes
graph1457.png,yes
graph5194.png,no
graph2190.png,yes
graph6478.png,no
graph5231.png,no
graph4636.png,yes
graph1868.png,yes
graph7545.png,yes
graph7310.png,no
graph8135.png,yes
graph6625.png,yes
graph538.png,yes
graph478.png,no
graph7616.png,yes
graph3413.png,yes
graph3780.png,no
graph6693.png,no
graph4373.png,no
graph2247.png,no
graph1801.png,yes
graph7797.png,no
graph3799.png,yes
graph1312.png,yes
graph2098.png,no
graph2067.png,yes
graph6603.png,no
graph5115.png,yes
graph5131.png,yes
graph622.png,yes
graph7714.png,no
graph6467.png,yes
graph4491.png,no
graph4511.png,yes
graph4533.png,no
graph4128.png,no
graph3738.png,no
graph4481.png,no
graph3810.png,yes
graph4871.png,no
graph4990.png,yes
graph7811.png,yes
graph4213.png,yes
graph3403.png,yes
graph7498.png,yes
graph669.png,no
graph7029.png,no
graph4629.png,yes
graph6387.png,no
graph5207.png,yes
graph581.png,no
graph5290.png,no
graph4810.png,yes
graph2208.png,yes
graph1890.png,no
graph4824.png,no
graph5163.png,yes
graph2153.png,yes
graph7527.png,no
graph1280.png,no
graph570.png,no
graph7230.png,no
graph3424.png,yes
graph1052.png,no
graph7945.png,no
graph347.png,yes
graph556.png,no
graph3602.png,no
graph7104.png,yes
graph691.png,yes
graph5160.png,no
graph6471.png,yes
graph3448.png,yes
graph1690.png,yes
graph1014.png,yes
graph1218.png,no
graph7116.png,yes
graph6896.png,no
graph6324.png,yes
graph3579.png,no
graph3687.png,no
graph7397.png,no
graph684.png,no
graph4790.png,no
graph4586.png,no
graph5153.png,yes
graph973.png,no
graph6954.png,yes
graph5243.png,no
graph6461.png,no
graph2009.png,no
graph7134.png,no
graph6683.png,no
graph3717.png,no
graph4988.png,no
graph1080.png,yes
graph2010.png,yes
graph879.png,yes
graph6800.png,no
graph4123.png,yes
graph1424.png,yes
graph5090.png,no
graph1030.png,no
graph2063.png,yes
graph7961.png,no
graph858.png,no
graph3752.png,no
graph2175.png,no
graph7332.png,no
graph6655.png,no
graph3786.png,yes
graph5276.png,yes
graph5145.png,no
graph4686.png,yes
graph762.png,no
graph6381.png,yes
graph1082.png,no
graph1825.png,no
graph4238.png,no
graph5003.png,yes
graph1837.png,no
graph7788.png,no
graph1006.png,yes
graph6795.png,yes
graph5235.png,yes
graph929.png,yes
graph793.png,yes
graph4727.png,no
graph4157.png,no
graph1354.png,no
graph1920.png,yes
graph6406.png,no
graph630.png,yes
graph1831.png,yes
graph1873.png,yes
graph7858.png,yes
graph7005.png,yes
graph4549.png,yes
graph743.png,no
graph432.png,no
graph4634.png,yes
graph563.png,yes
graph6617.png,no
graph1795.png,yes
graph7850.png,no
graph4337.png,no
graph3485.png,yes
graph767.png,yes
graph7888.png,no
graph6886.png,yes
graph2220.png,yes
graph2195.png,no
graph1572.png,no
graph5289.png,yes
graph4416.png,yes
graph7473.png,no
graph5042.png,yes
graph6505.png,yes
graph6321.png,yes
graph3800.png,no
graph1417.png,no
graph1992.png,yes
graph7618.png,no
graph899.png,no
graph2295.png,yes
graph6883.png,no
graph4408.png,no
graph3988.png,no
graph6822.png,yes
graph1060.png,yes
graph4073.png,no
graph3803.png,no
graph7315.png,no
graph6983.png,no
graph4878.png,yes
graph2264.png,yes
graph1608.png,no
graph3500.png,no
graph4095.png,yes
graph813.png,yes
graph2076.png,no
graph1886.png,yes
graph8085.png,yes
graph665.png,no
graph4817.png,no
graph5084.png,yes
graph3361.png,yes
graph7036.png,yes
graph1099.png,yes
graph2128.png,yes
graph7393.png,no
graph2090.png,no
graph1353.png,yes
graph1187.png,yes
graph4858.png,yes
graph8242.png,yes
graph4807.png,yes
graph5204.png,no
graph1765.png,yes
graph7277.png,no
graph3862.png,yes
graph3550.png,yes
graph7943.png,yes
graph8239.png,yes
graph4278.png,yes
graph4203.png,no
graph8293.png,yes
graph7087.png,no
graph4113.png,no
graph3853.png,no
graph3822.png,yes
graph3621.png,no
graph1208.png,no
graph4648.png,no
graph6917.png,no
graph5166.png,yes
graph736.png,no
graph6524.png,yes
graph638.png,no
graph1889.png,no
graph5239.png,no
graph4334.png,yes
graph6684.png,no
graph2258.png,no
graph7040.png,yes
graph1949.png,yes
graph8160.png,yes
graph4450.png,yes
graph4960.png,yes
graph1172.png,no
graph4859.png,yes
graph6367.png,yes
graph4185.png,no
graph7080.png,no
graph4667.png,yes
graph5202.png,yes
graph1789.png,yes
graph4789.png,no
graph7205.png,no
graph7630.png,yes
graph1478.png,yes
graph8112.png,no
graph1528.png,yes
graph7990.png,yes
graph4761.png,no
graph7525.png,yes
graph6656.png,yes
graph2261.png,no
graph1979.png,yes
graph4606.png,yes
graph1062.png,no
graph8175.png,no
graph7073.png,yes
graph5272.png,yes
graph7887.png,yes
graph6970.png,no
graph1628.png,yes
graph4734.png,yes
graph7502.png,yes
graph3811.png,yes
graph1695.png,yes
graph7132.png,yes
graph4911.png,no
graph2224.png,yes
graph1642.png,yes
graph8006.png,no
graph1061.png,yes
graph4799.png,yes
graph2293.png,yes
graph8208.png,no
graph3544.png,yes
graph7752.png,no
graph1750.png,no
graph3954.png,no
graph8089.png,no
graph4446.png,no
graph4394.png,yes
graph3847.png,yes
graph6592.png,no
graph4169.png,no
graph1329.png,yes
graph732.png,no
graph1729.png,no
graph7344.png,no
graph4500.png,no
graph7574.png,no
graph900.png,no
graph5136.png,no
graph4997.png,yes
graph823.png,no
graph2167.png,no
graph7072.png,no
graph7381.png,no
graph2262.png,no
graph7861.png,no
graph4993.png,yes
graph4368.png,no
graph7225.png,yes
graph7466.png,yes
graph1396.png,yes
graph6402.png,no
graph7921.png,yes
graph1891.png,no
graph454.png,no
graph6436.png,yes
graph3581.png,no
graph2232.png,no
graph6700.png,yes
graph4572.png,no
graph355.png,yes
graph4732.png,yes
graph4953.png,no
graph1038.png,no
graph7946.png,no
graph1432.png,yes
graph8030.png,yes
graph3802.png,no
graph3962.png,no
graph3997.png,yes
graph4418.png,yes
graph6586.png,yes
graph7605.png,no
graph7876.png,no
graph5074.png,yes
graph7337.png,yes
graph7821.png,no
graph4591.png,no
graph7228.png,no
graph6776.png,yes
graph1777.png,yes
graph8266.png,no
graph7953.png,no
graph3779.png,no
graph2236.png,yes
graph7959.png,no
graph453.png,no
graph7684.png,yes
graph8220.png,no
graph4455.png,no
graph7740.png,yes
graph4248.png,yes
graph3505.png,yes
graph4343.png,no
graph7037.png,no
graph348.png,yes
graph1911.png,no
graph3917.png,no
graph2040.png,yes
graph2029.png,yes
graph1031.png,yes
graph3462.png,no
graph6812.png,yes
graph6771.png,no
graph3998.png,yes
graph2027.png,no
graph4530.png,no
graph4468.png,yes
graph1544.png,no
graph4507.png,yes
graph6616.png,yes
graph2121.png,yes
graph2103.png,yes
graph7348.png,no
graph2159.png,yes
graph4528.png,yes
graph592.png,no
graph5062.png,yes
graph3923.png,no
graph4363.png,no
graph4640.png,yes
graph938.png,no
graph8087.png,no
graph8265.png,no
graph1402.png,no
graph388.png,yes
graph7661.png,yes
graph1549.png,yes
graph815.png,yes
graph7660.png,no
graph6659.png,yes
graph811.png,yes
graph861.png,yes
graph1726.png,no
graph6975.png,no
graph3783.png,no
graph6979.png,no
graph3493.png,no
graph6551.png,no
graph1856.png,yes
graph1993.png,yes
graph6844.png,yes
graph7917.png,yes
graph6488.png,no
graph1590.png,yes
graph4832.png,no
graph994.png,no
graph8206.png,yes
graph6972.png,yes
graph1333.png,no
graph7207.png,yes
graph1740.png,no
graph1797.png,no
graph4200.png,no
graph7903.png,no
graph7424.png,yes
graph4712.png,no
graph784.png,yes
graph3365.png,yes
graph5282.png,yes
graph3944.png,yes
graph6523.png,yes
graph6382.png,no
graph4969.png,yes
graph2015.png,no
graph3712.png,yes
graph4943.png,yes
graph961.png,no
graph4562.png,no
graph5167.png,no
graph903.png,yes
graph7590.png,yes
graph5283.png,yes
graph8306.png,no
graph4291.png,no
graph8169.png,yes
graph7363.png,yes
graph8252.png,yes
graph7130.png,yes
graph1276.png,yes
graph7266.png,yes
graph5247.png,yes
graph735.png,yes
graph6842.png,yes
graph3782.png,yes
graph1817.png,no
graph5120.png,no
graph6562.png,no
graph4834.png,yes
graph4244.png,yes
graph914.png,no
graph4850.png,yes
graph2132.png,yes
graph623.png,yes
graph1906.png,no
graph1577.png,yes
graph2164.png,no
graph1774.png,yes
graph8000.png,no
graph8285.png,yes
graph3684.png,yes
graph477.png,yes
graph3787.png,no
graph8199.png,no
graph7509.png,yes
graph443.png,no
graph6428.png,yes
graph7016.png,no
graph7396.png,yes
graph3678.png,yes
graph4966.png,no
graph441.png,yes
graph3891.png,no
graph6705.png,no
graph939.png,no
graph800.png,no
graph8235.png,no
graph5148.png,no
graph4351.png,yes
graph440.png,no
graph5303.png,no
graph4255.png,yes
graph4884.png,no
graph1969.png,yes
graph3828.png,yes
graph7320.png,no
graph6652.png,yes
graph2259.png,yes
graph6910.png,yes
graph4296.png,yes
graph6809.png,no
graph4348.png,yes
graph5106.png,no
graph7155.png,yes
graph6571.png,no
graph1219.png,yes
graph5195.png,yes
graph7283.png,yes
graph1937.png,no
graph1351.png,yes
graph4846.png,yes
graph8184.png,no
graph332.png,yes
graph3531.png,yes
graph3564.png,no
graph1111.png,yes
graph7353.png,no
graph7368.png,no
graph4905.png,yes
graph1915.png,no
graph7171.png,no
graph7591.png,yes
graph1611.png,no
graph1054.png,yes
graph1413.png,no
graph3690.png,yes
graph4056.png,yes
graph1952.png,no
graph6750.png,no
graph1077.png,no
graph3674.png,no
graph7594.png,no
graph554.png,yes
graph1381.png,yes
graph5103.png,yes
graph3931.png,no
graph4926.png,yes
graph7583.png,yes
graph699.png,yes
graph1056.png,no
graph6620.png,yes
graph3851.png,yes
graph7881.png,no
graph1005.png,yes
graph7789.png,yes
graph7930.png,no
graph806.png,yes
graph1935.png,no
graph1827.png,no
graph7913.png,yes
graph7745.png,yes
graph3861.png,no
graph6429.png,yes
graph7724.png,yes
graph2174.png,no
graph7646.png,yes
graph520.png,yes
graph7345.png,yes
graph1838.png,yes
graph1182.png,no
graph7387.png,no
graph4102.png,yes
graph4775.png,no
graph3482.png,no
graph1088.png,yes
graph1346.png,yes
graph3830.png,no
graph2248.png,yes
graph4575.png,yes
graph1720.png,no
graph6727.png,no
graph5037.png,no
graph3524.png,no
graph722.png,yes
graph5171.png,no
graph1206.png,yes
graph649.png,no
graph7697.png,no
graph4121.png,no
graph1631.png,yes
graph4273.png,yes
graph4584.png,no
graph3569.png,no
graph2191.png,no
graph5198.png,no
graph8127.png,yes
graph1047.png,no
graph7418.png,yes
graph5063.png,no
graph3470.png,no
graph1139.png,yes
graph393.png,yes
graph7415.png,yes
graph6950.png,yes
graph1738.png,yes
graph8065.png,no
graph969.png,no
graph4432.png,no
graph8097.png,no
graph3555.png,yes
graph584.png,yes
graph633.png,no
graph3471.png,no
graph7423.png,yes
graph4720.png,yes
graph4046.png,yes
graph7008.png,no
graph3809.png,no
graph610.png,yes
graph931.png,yes
graph7192.png,yes
graph6825.png,yes
graph3578.png,yes
graph3375.png,no
graph7933.png,no
graph6431.png,yes
graph877.png,yes
graph1067.png,yes
graph7685.png,no
graph3484.png,yes
graph6717.png,yes
graph8121.png,no
graph2003.png,yes
graph8037.png,no
graph1192.png,no
graph1681.png,no
graph7035.png,no
graph675.png,yes
graph3314.png,no
graph5100.png,yes
graph4294.png,no
graph1942.png,no
graph5135.png,no
graph8034.png,no
graph1613.png,no
graph7057.png,no
graph4063.png,yes
graph4084.png,no
graph7770.png,no
graph1820.png,no
graph7755.png,no
graph1479.png,yes
graph1138.png,no
graph3345.png,yes
graph6365.png,yes
graph8109.png,yes
graph1559.png,no
graph466.png,yes
graph7133.png,no
graph7659.png,no
graph405.png,no
graph4649.png,no
graph758.png,no
graph3563.png,no
graph5299.png,yes
graph2064.png,no
graph8080.png,no
graph4322.png,yes
graph1563.png,yes
graph6434.png,yes
graph1156.png,no
graph7993.png,yes
graph4417.png,yes
graph6558.png,no
graph8196.png,yes
graph1251.png,yes
graph7176.png,yes
graph1241.png,no
graph3698.png,yes
graph1689.png,no
graph330.png,yes
graph325.png,yes
graph1866.png,no
graph4767.png,yes
graph4797.png,yes
graph3426.png,yes
graph7940.png,yes
graph3732.png,no
graph6446.png,no
graph2042.png,yes
graph8155.png,yes
graph4659.png,yes
graph8157.png,yes
graph6944.png,no
graph7394.png,no
graph2275.png,yes
graph2291.png,no
graph1399.png,yes
graph928.png,yes
graph6546.png,yes
graph6354.png,yes
graph6593.png,no
graph8007.png,no
graph3978.png,no
graph4054.png,no
graph1244.png,yes
graph525.png,yes
graph8203.png,yes
graph4222.png,no
graph600.png,no
graph4921.png,no
graph1757.png,no
graph3747.png,no
graph513.png,no
graph4485.png,no
graph4751.png,yes
graph3529.png,no
graph768.png,yes
graph2242.png,yes
graph1882.png,yes
graph3378.png,yes
graph4745.png,yes
graph7084.png,yes
graph5172.png,yes
graph4524.png,no
graph1685.png,no
graph1358.png,no
graph809.png,no
graph4072.png,no
graph6320.png,yes
graph4477.png,yes
graph1053.png,no
graph1842.png,no
graph4896.png,no
graph3382.png,yes
graph6474.png,no
graph807.png,no
graph1849.png,no
graph2272.png,yes
graph7159.png,yes
graph1683.png,no
graph7297.png,no
graph7564.png,yes
graph494.png,no
graph4765.png,no
graph7818.png,no
graph4307.png,yes
graph565.png,no
graph8210.png,yes
graph7909.png,no
graph6554.png,no
graph6315.png,yes
graph3357.png,yes
graph7669.png,no
graph2038.png,yes
graph5286.png,yes
graph897.png,yes
graph7261.png,yes
graph4279.png,yes
graph7579.png,no
graph4009.png,no
graph1367.png,no
graph7879.png,no
graph1954.png,yes
graph8168.png,yes
graph8245.png,no
graph8021.png,no
graph4144.png,yes
graph1840.png,no
graph6745.png,yes
graph1501.png,yes
graph8108.png,yes
graph4985.png,yes
graph4480.png,yes
graph3506.png,yes
graph3823.png,no
graph2228.png,yes
graph3517.png,no
graph4287.png,yes
graph7698.png,yes
graph5098.png,yes
graph4601.png,yes
graph7453.png,no
graph1651.png,yes
graph8221.png,yes
graph6718.png,yes
graph3639.png,yes
graph1092.png,yes
graph7020.png,yes
graph3444.png,no
graph1466.png,yes
graph4092.png,no
graph3808.png,yes
graph3688.png,no
graph4219.png,no
graph955.png,no
graph7141.png,no
graph1907.png,no
graph445.png,yes
graph2155.png,no
graph4828.png,yes
graph1548.png,no
graph6690.png,yes
graph1024.png,no
graph2206.png,yes
graph4192.png,no
graph8207.png,yes
graph6514.png,no
graph384.png,yes
graph7408.png,yes
graph664.png,yes
graph7236.png,no
graph4642.png,no
graph976.png,no
graph6789.png,yes
graph4419.png,no
graph4429.png,yes
graph8114.png,yes
graph7237.png,no
graph5143.png,yes
graph5019.png,yes
graph3530.png,yes
graph4069.png,no
graph3722.png,no
graph783.png,no
graph4147.png,no
graph6642.png,yes
graph3557.png,no
graph3514.png,no
graph7914.png,yes
graph7901.png,no
graph425.png,no
graph4587.png,no
graph5300.png,yes
graph4608.png,no
graph4816.png,no
graph6530.png,yes
graph7041.png,yes
graph1456.png,yes
graph4460.png,yes
graph844.png,yes
graph7987.png,yes
graph3397.png,no
graph7286.png,yes
graph7452.png,yes
graph4934.png,yes
graph1320.png,no
graph506.png,no
graph396.png,yes
graph8292.png,no
graph4391.png,no
graph2304.png,yes
graph483.png,no
graph539.png,yes
graph4370.png,no
graph6938.png,no
graph7122.png,no
graph4049.png,yes
graph1696.png,no
graph3341.png,no
graph7380.png,no
graph4527.png,no
graph5016.png,yes
graph6453.png,yes
graph4885.png,no
graph4407.png,no
graph6344.png,no
graph6451.png,no
graph3565.png,yes
graph1779.png,no
graph4107.png,no
graph7680.png,no
graph5058.png,yes
graph6879.png,no
graph734.png,yes
graph8088.png,no
graph4783.png,no
graph5026.png,yes
graph3605.png,no
graph788.png,yes
graph690.png,yes
graph5210.png,yes
graph7300.png,no
graph8177.png,no
graph1835.png,yes
graph7464.png,yes
graph4357.png,no
graph3755.png,no
graph4489.png,yes
graph6723.png,no
graph1706.png,no
graph7015.png,no
graph7505.png,no
graph1040.png,no
graph4209.png,no
graph7667.png,yes
graph1829.png,yes
graph4445.png,no
graph4382.png,yes
graph1018.png,yes
graph6669.png,yes
graph3975.png,no
graph590.png,yes
graph419.png,yes
graph3561.png,no
graph6853.png,yes
graph7507.png,yes
graph4115.png,no
graph6860.png,yes
graph4066.png,yes
graph6829.png,no
graph6400.png,yes
graph4472.png,yes
graph7897.png,no
graph4971.png,yes
graph461.png,no
graph4281.png,no
graph6574.png,yes
graph7371.png,no
graph4874.png,no
graph992.png,no
graph4050.png,no
graph1736.png,yes
graph739.png,no
graph6455.png,yes
graph7351.png,yes
graph6644.png,yes
graph367.png,no
graph980.png,no
graph1516.png,no
graph3430.png,no
graph7256.png,no
graph1806.png,yes
graph740.png,yes
graph7180.png,no
graph4093.png,yes
graph8231.png,no
graph8272.png,yes
graph3515.png,yes
graph5181.png,yes
graph744.png,yes
graph3492.png,no
graph7456.png,yes
graph1983.png,yes
graph6947.png,no
graph2060.png,yes
graph1808.png,no
graph984.png,no
graph6738.png,no
graph1748.png,no
graph4746.png,yes
graph7813.png,yes
graph6881.png,no
graph6458.png,no
graph4492.png,no
graph2277.png,yes
graph1956.png,yes
graph3434.png,no
graph3445.png,yes
graph1395.png,no
graph7460.png,yes
graph1974.png,yes
graph2024.png,no
graph602.png,no
graph2181.png,no
graph7042.png,no
graph7641.png,no
graph6512.png,no
graph4125.png,no
graph2075.png,no
graph498.png,no
graph1089.png,yes
graph3527.png,no
graph5262.png,no
graph6928.png,no
graph6570.png,yes
graph582.png,yes
graph1964.png,yes
graph4499.png,no
graph5107.png,yes
graph7820.png,yes
graph4861.png,no
graph6374.png,yes
graph3707.png,no
graph3655.png,no
graph4879.png,yes
graph3433.png,no
graph3322.png,yes
graph3396.png,no
graph3349.png,yes
graph1359.png,yes
graph3855.png,yes
graph6798.png,yes
graph493.png,no
graph7299.png,no
graph6635.png,no
graph3754.png,yes
graph442.png,no
graph4632.png,yes
graph7812.png,no
graph1852.png,no
graph6837.png,no
graph1584.png,no
graph1098.png,no
graph4453.png,no
graph3363.png,yes
graph5159.png,no
graph4914.png,no
graph6494.png,no
graph4590.png,no
graph7149.png,yes
graph7177.png,yes
graph4724.png,no
graph1718.png,no
graph495.png,no
graph7010.png,yes
graph7070.png,yes
graph5170.png,yes
graph4721.png,no
graph3866.png,no
graph1988.png,yes
graph7758.png,yes
graph4501.png,yes
graph1078.png,no
graph6895.png,no
graph1791.png,yes
graph2222.png,no
graph3589.png,no
graph6981.png,yes
graph6779.png,yes
graph3626.png,yes
graph6739.png,no
graph416.png,no
graph7571.png,yes
graph5124.png,yes
graph845.png,yes
graph2008.png,yes
graph905.png,no
graph6493.png,no
graph1247.png,no
graph6379.png,no
graph6908.png,no
graph7319.png,no
graph6349.png,no
graph2102.png,yes
graph3663.png,yes
graph4195.png,yes
graph6920.png,no
graph2011.png,yes
graph517.png,no
graph7102.png,yes
graph834.png,no
graph1410.png,yes
graph6364.png,no
graph6801.png,no
graph6806.png,yes
graph4891.png,yes
graph946.png,no
graph3350.png,yes
graph8038.png,yes
graph3328.png,no
graph7706.png,no
graph4306.png,no
graph7474.png,yes
graph1144.png,no
graph3919.png,no
graph1199.png,no
graph3352.png,yes
graph3904.png,no
graph459.png,no
graph4757.png,no
graph7735.png,no
graph7258.png,yes
graph2196.png,yes
graph3756.png,no
graph1492.png,yes
graph2100.png,no
graph2239.png,yes
graph7105.png,no
graph7984.png,no
graph7432.png,no
graph4145.png,yes
graph331.png,yes
graph1096.png,no
graph5220.png,no
graph3869.png,yes
graph6427.png,no
graph3759.png,yes
graph6359.png,no
graph3408.png,no
graph1712.png,yes
graph6926.png,no
graph3784.png,no
graph4398.png,no
graph417.png,yes
graph7242.png,yes
graph7243.png,no
graph7065.png,no
graph4156.png,no
graph1343.png,no
graph1803.png,no
graph8181.png,yes
graph4889.png,yes
graph4892.png,no
graph1635.png,no
graph5028.png,no
graph1282.png,yes
graph6966.png,no
graph6473.png,no
graph4284.png,yes
graph1114.png,no
graph6772.png,no
graph2101.png,yes
graph4462.png,no
graph1269.png,yes
graph534.png,yes
graph7682.png,yes
graph3521.png,yes
graph4930.png,yes
graph7154.png,no
graph5014.png,yes
graph447.png,no
graph4212.png,no
graph1981.png,no
graph3695.png,yes
graph6425.png,yes
graph6519.png,no
graph6821.png,yes
graph5292.png,yes
graph7750.png,no
graph4342.png,yes
graph1814.png,yes
graph3751.png,yes
graph597.png,no
graph4224.png,yes
graph1091.png,no
graph1923.png,no
graph485.png,no
graph1511.png,no
graph4070.png,no
graph351.png,no
graph1995.png,no
graph5180.png,no
graph2014.png,yes
graph1235.png,yes
graph1131.png,yes
graph8218.png,yes
graph8050.png,yes
graph799.png,yes
graph1118.png,yes
graph745.png,no
graph8134.png,no
graph7077.png,no
graph4001.png,yes
graph7810.png,yes
graph7537.png,no
graph4367.png,no
graph1986.png,yes
graph4263.png,yes
graph4823.png,no
graph5266.png,no
graph3460.png,no
graph1415.png,yes
graph507.png,yes
graph754.png,yes
graph7762.png,no
graph7153.png,yes
graph7191.png,yes
graph451.png,yes
graph7288.png,no
graph7775.png,no
graph2131.png,yes
graph4503.png,no
graph1117.png,yes
graph8139.png,no
graph7845.png,yes
graph7873.png,no
graph6999.png,no
graph1055.png,no
graph3600.png,yes
graph6440.png,no
graph5312.png,yes
graph4427.png,no
graph3915.png,no
graph7805.png,no
graph7520.png,no
graph6323.png,yes
graph8195.png,no
graph873.png,no
graph7103.png,no
graph4766.png,no
graph7303.png,no
graph6665.png,yes
graph4635.png,yes
graph3441.png,no
graph5129.png,no
graph1885.png,no
graph8213.png,yes
graph4697.png,no
graph1679.png,no
graph4573.png,no
graph7429.png,no
graph6834.png,no
graph626.png,yes
graph4699.png,no
graph642.png,yes
graph7597.png,no
graph533.png,no
graph7089.png,yes
graph6941.png,yes
graph7653.png,yes
graph1245.png,yes
graph2301.png,no
graph2137.png,yes
graph4388.png,yes
graph1436.png,yes
graph4630.png,yes
graph3647.png,no
graph8002.png,yes
graph7349.png,yes
graph1896.png,no
graph7045.png,yes
graph8280.png,no
graph4086.png,no
graph3671.png,yes
graph7108.png,no
graph8187.png,yes
graph7146.png,no
graph8224.png,no
graph6882.png,no
graph2012.png,yes
graph5057.png,no
graph2217.png,yes
graph7707.png,no
graph6936.png,no
graph1203.png,yes
graph3373.png,yes
graph2233.png,yes
graph3612.png,no
graph7403.png,no
graph7578.png,no
graph1448.png,yes
graph7486.png,no
graph8267.png,no
graph468.png,yes
graph1836.png,yes
graph7727.png,no
graph7276.png,no
graph7596.png,no
graph2171.png,yes
graph4826.png,no
graph829.png,yes
graph4848.png,yes
graph7294.png,no
graph1621.png,yes
graph3337.png,yes
graph7534.png,yes
graph586.png,no
graph3334.png,yes
graph1622.png,no
graph1369.png,no
graph3457.png,yes
graph8086.png,no
graph7219.png,no
graph6457.png,yes
graph4104.png,yes
graph4183.png,yes
graph726.png,no
graph4508.png,yes
graph7828.png,no
graph580.png,no
graph6832.png,yes
graph7679.png,yes
graph2150.png,no
graph3750.png,no
graph352.png,yes
graph8227.png,yes
graph3719.png,yes
graph2025.png,no
graph2065.png,yes
graph4473.png,no
graph3741.png,yes
graph4268.png,no
graph4645.png,yes
graph968.png,yes
graph404.png,no
graph7325.png,no
graph8230.png,yes
graph5047.png,yes
graph7347.png,no
graph6870.png,yes
graph7203.png,no
graph460.png,no
graph4274.png,no
graph2138.png,yes
graph5064.png,no
graph4467.png,yes
graph3725.png,no
graph8167.png,yes
graph1409.png,no
graph6760.png,yes
graph689.png,no
graph5165.png,yes
graph7603.png,yes
graph5022.png,yes
graph5116.png,yes
graph4568.png,yes
graph1607.png,no
graph3675.png,yes
graph344.png,no
graph1596.png,no
graph4024.png,no
graph967.png,no
graph4229.png,no
graph2252.png,no
graph5006.png,no
graph1884.png,yes
graph4378.png,yes
graph6430.png,no
graph1429.png,yes
graph3412.png,yes
graph8274.png,no
graph3528.png,yes
graph4653.png,no
graph6824.png,yes
graph364.png,no
graph4937.png,yes
graph6921.png,yes
graph4592.png,no
graph6343.png,yes
graph7369.png,yes
graph2136.png,yes
graph7687.png,yes
graph4218.png,yes
graph7539.png,yes
graph3474.png,no
graph1422.png,yes
graph1471.png,no
graph471.png,no
graph4174.png,no
graph8107.png,no
graph4179.png,yes
graph7503.png,yes
graph5279.png,yes
graph3704.png,no
graph3682.png,no
graph1519.png,yes
graph7076.png,no
graph7504.png,yes
graph3928.png,no
graph1569.png,yes
graph2070.png,yes
graph956.png,yes
graph5122.png,yes
graph7701.png,yes
graph484.png,yes
graph8084.png,yes
graph488.png,yes
graph1143.png,no
graph3757.png,yes
graph3896.png,yes
graph1612.png,yes
graph7195.png,yes
graph4454.png,yes
graph3483.png,yes
graph3399.png,no
graph1527.png,no
graph7944.png,yes
graph6604.png,yes
graph1291.png,yes
graph1453.png,no
graph4611.png,yes
graph4668.png,yes
graph6726.png,yes
graph4153.png,no
graph2143.png,no
graph1552.png,no
graph1914.png,no
graph7926.png,no
graph1407.png,yes
graph7147.png,no
graph7654.png,yes
graph1150.png,no
graph5233.png,no
graph792.png,yes
graph1515.png,no
graph1957.png,no
graph3721.png,no
graph4332.png,yes
graph730.png,no
graph2162.png,no
graph4303.png,no
graph1093.png,no
graph6408.png,yes
graph6479.png,yes
graph3607.png,no
graph7361.png,yes
graph3893.png,no
graph1614.png,yes
graph4180.png,no
graph1066.png,yes
graph8035.png,yes
graph7269.png,yes
graph720.png,yes
graph6470.png,yes
graph7736.png,no
graph2306.png,no
graph7968.png,no
graph5128.png,no
graph617.png,no
graph7279.png,yes
graph4678.png,no
graph3427.png,yes
graph999.png,no
graph2072.png,no
graph6426.png,yes
graph1126.png,no
graph828.png,yes
graph7309.png,yes
graph1759.png,yes
graph5020.png,yes
graph1205.png,no
graph8179.png,yes
graph3346.png,yes
graph1940.png,yes
graph1165.png,no
graph370.png,no
graph8259.png,yes
graph1575.png,yes
graph1267.png,no
graph7407.png,yes
graph3554.png,no
graph3945.png,no
graph3737.png,no
graph6818.png,yes
graph4067.png,yes
graph960.png,yes
graph761.png,yes
graph8058.png,no
graph4003.png,yes
graph4188.png,yes
graph4000.png,no
graph338.png,yes
graph759.png,yes
graph4506.png,yes
graph3475.png,no
graph4385.png,no
graph8130.png,yes
graph3617.png,yes
graph840.png,no
graph3318.png,no
graph4160.png,yes
graph2281.png,no
graph7190.png,no
graph7156.png,yes
graph1122.png,no
graph7323.png,no
graph7257.png,yes
graph4555.png,yes
graph6998.png,yes
graph7835.png,yes
graph1231.png,no
graph997.png,no
graph4366.png,no
graph408.png,no
graph981.png,yes
graph7965.png,no
graph3718.png,no
graph4595.png,no
graph4164.png,yes
graph1551.png,yes
graph7479.png,no
graph7125.png,yes
graph1321.png,yes
graph7223.png,no
graph4565.png,yes
graph3860.png,yes
graph1499.png,no
graph4076.png,no
graph6663.png,yes
graph7656.png,no
graph1179.png,no
graph7335.png,no
graph7212.png,no
graph3950.png,no
graph591.png,yes
graph1364.png,yes
graph6607.png,no
graph7929.png,yes
graph6595.png,no
graph6942.png,yes
graph7673.png,yes
graph7115.png,yes
graph4039.png,no
graph7478.png,no
graph5072.png,no
graph1659.png,no
graph2056.png,yes
graph4650.png,yes
graph3487.png,no
graph4488.png,no
graph4365.png,no
graph614.png,yes
graph3560.png,yes
graph6770.png,yes
graph1068.png,no
graph3374.png,yes
graph653.png,yes
graph5158.png,no
graph1083.png,yes
graph1434.png,no
graph4939.png,yes
graph7627.png,no
graph1304.png,no
graph7958.png,yes
graph4674.png,no
graph5012.png,yes
graph1433.png,yes
graph5138.png,no
graph7686.png,yes
graph7952.png,yes
graph702.png,yes
graph2085.png,no
graph1903.png,yes
graph5034.png,yes
graph8173.png,no
graph1180.png,no
graph1059.png,no
graph7754.png,no
graph1393.png,no
graph7803.png,no
graph3592.png,no
graph7884.png,yes
graph389.png,no
graph395.png,yes
graph6803.png,yes
graph6639.png,no
graph3415.png,no
graph6978.png,yes
graph2207.png,yes
graph6563.png,no
graph7060.png,yes
graph971.png,yes
graph7238.png,no
graph4158.png,yes
graph1335.png,no
graph558.png,no
graph1284.png,yes
graph4769.png,no
graph2021.png,yes
graph4085.png,yes
graph5114.png,yes
graph7495.png,yes
graph7795.png,no
graph7816.png,no
graph4951.png,no
graph8137.png,no
graph8172.png,yes
graph2152.png,yes
graph4711.png,no
graph1547.png,no
graph1452.png,no
graph1026.png,yes
graph1162.png,no
graph4221.png,no
graph5069.png,yes
graph7670.png,no
graph3364.png,yes
graph2225.png,no
graph6362.png,no
graph7445.png,no
graph2077.png,no
graph4658.png,yes
graph4336.png,no
graph422.png,yes
graph1193.png,yes
graph1588.png,yes
graph5161.png,yes
graph8296.png,no
graph4922.png,yes
graph1823.png,yes
graph4038.png,no
graph3496.png,no
graph7784.png,yes
graph6637.png,yes
graph4390.png,no
graph7544.png,yes
graph7278.png,no
graph6347.png,yes
graph1926.png,yes
graph7426.png,no
graph6397.png,yes
graph4058.png,yes
graph502.png,no
graph7865.png,no
graph6964.png,no
graph5196.png,no
graph1936.png,no
graph2176.png,no
graph5261.png,yes
graph6333.png,yes
graph6661.png,no
graph3693.png,yes
graph7846.png,yes
graph4004.png,no
graph7446.png,no
graph7963.png,yes
graph2238.png,yes
graph1334.png,yes
graph8246.png,yes
graph4426.png,no
graph6598.png,yes
graph524.png,yes
graph6391.png,yes
graph1437.png,no
graph972.png,yes
graph7331.png,no
graph1606.png,no
graph3504.png,no
graph822.png,yes
graph1447.png,yes
graph4852.png,no
graph1793.png,no
graph8116.png,no
graph4713.png,yes
graph7699.png,yes
graph7088.png,no
graph8190.png,no
graph1184.png,no
graph8158.png,yes
graph7090.png,no
graph7328.png,yes
graph831.png,no
graph7838.png,no
graph3535.png,no
graph5250.png,yes
graph412.png,yes
graph4162.png,no
graph1962.png,yes
graph6422.png,no
graph462.png,yes
graph3927.png,yes
graph4314.png,yes
graph1154.png,no
graph7875.png,no
graph5109.png,yes
graph1583.png,yes
graph5095.png,yes
graph7251.png,yes
graph3844.png,yes
graph4228.png,no
graph6848.png,no
graph6504.png,yes
graph8047.png,no
graph4064.png,no
graph619.png,no
graph7916.png,yes
graph1925.png,yes
graph8081.png,no
graph7869.png,yes
graph7481.png,yes
graph8144.png,yes
graph6511.png,no
graph4399.png,yes
graph482.png,no
graph2201.png,yes
graph4557.png,yes
graph1426.png,no
graph4028.png,no
graph385.png,yes
graph7622.png,yes
graph3532.png,yes
graph1450.png,yes
graph607.png,yes
graph3749.png,yes
graph578.png,no
graph3930.png,no
graph8162.png,yes
graph5055.png,no
graph3916.png,yes
graph4119.png,yes
graph7877.png,no
graph6974.png,no
graph5133.png,no
graph3762.png,yes
graph6579.png,no
graph8201.png,yes
graph3498.png,yes
graph2081.png,yes
graph3839.png,no
graph6817.png,no
graph1646.png,no
graph1043.png,no
graph5209.png,yes
graph472.png,yes
graph7364.png,no
graph5237.png,no
graph4052.png,yes
graph1310.png,yes
graph5151.png,yes
graph4551.png,yes
graph3566.png,no
graph6588.png,yes
graph7169.png,no
graph2107.png,yes
graph6736.png,no
graph4496.png,yes
graph8291.png,yes
graph5082.png,yes
graph1710.png,no
graph1376.png,no
graph3438.png,no
graph1401.png,no
graph1495.png,no
graph4623.png,yes
graph7998.png,no
graph8046.png,no
graph4280.png,yes
graph7801.png,no
graph4703.png,yes
graph7902.png,yes
graph6632.png,no
graph537.png,yes
graph6888.png,yes
graph7052.png,yes
graph4929.png,yes
graph8297.png,no
graph4822.png,yes
graph6681.png,no
graph4018.png,yes
graph849.png,yes
graph8022.png,yes
graph1185.png,no
graph4451.png,yes
graph7227.png,no
graph3890.png,yes
graph6808.png,no
graph491.png,yes
graph3720.png,yes
graph3686.png,yes
graph6949.png,yes
graph4525.png,no
graph1100.png,yes
graph1431.png,yes
graph2256.png,no
graph1627.png,yes
graph1980.png,yes
graph954.png,yes
graph866.png,no
graph6740.png,no
graph1745.png,yes
graph4803.png,no
graph1945.png,no
graph1090.png,no
graph1183.png,no
graph1799.png,no
graph3577.png,yes
graph5002.png,no
graph6933.png,yes
graph4755.png,no
graph8192.png,yes
graph7979.png,no
graph2139.png,yes
graph7425.png,yes
graph4942.png,yes
graph1724.png,no
graph7431.png,no
graph8066.png,no
graph7851.png,yes
graph7925.png,yes
graph1256.png,yes
graph3619.png,no
graph2083.png,yes
graph6337.png,yes
graph4710.png,yes
graph7158.png,no
graph4722.png,yes
graph5254.png,yes
graph5184.png,yes
graph7197.png,no
graph1650.png,no
graph7358.png,no
graph3781.png,yes
graph668.png,no
graph3867.png,yes
graph1299.png,yes
graph3792.png,yes
graph4433.png,yes
graph7938.png,yes
graph4014.png,yes
graph3629.png,no
graph2061.png,yes
graph7172.png,no
graph8234.png,no
graph4518.png,no
graph4129.png,no
graph1921.png,no
graph7216.png,no
graph7681.png,yes
graph3748.png,no
graph1872.png,yes
graph5218.png,yes
graph2028.png,yes
graph7085.png,yes
graph4552.png,no
graph1640.png,no
graph3920.png,no
graph1618.png,no
graph7599.png,no
graph436.png,no
graph3481.png,yes
graph1507.png,yes
graph6973.png,no
graph4412.png,no
graph728.png,no
graph7298.png,yes
graph1365.png,no
graph3548.png,no
graph5096.png,no
graph7885.png,no
graph4644.png,no
graph5046.png,yes
graph7743.png,no
graph2111.png,yes
graph7201.png,yes
graph8020.png,yes
graph3679.png,no
graph1629.png,yes
graph8302.png,no
graph6618.png,yes
graph7457.png,no
graph1348.png,yes
graph7778.png,no
graph2180.png,yes
graph7632.png,yes
graph4657.png,no
graph1616.png,yes
graph7516.png,no
graph3654.png,yes
graph4733.png,yes
graph4007.png,yes
graph7263.png,yes
graph6845.png,yes
graph8115.png,yes
graph3541.png,yes
graph1012.png,yes
graph7749.png,yes
graph4061.png,yes
graph4302.png,no
graph2158.png,yes
graph1938.png,no
graph7465.png,yes
graph4133.png,no
graph1239.png,no
graph2269.png,no
graph1072.png,yes
graph6502.png,no
graph8039.png,no
graph6741.png,yes
graph833.png,no
graph1918.png,yes
graph7763.png,no
graph812.png,yes
graph6836.png,no
graph7494.png,no
graph1228.png,no
graph1902.png,no
graph3778.png,yes
graph1134.png,yes
graph7006.png,yes
graph1725.png,yes
graph5284.png,no
graph7550.png,yes
graph585.png,yes
graph1459.png,yes
graph6952.png,yes
graph7894.png,no
graph887.png,no
graph7645.png,yes
graph3970.png,no
graph8091.png,no
graph7840.png,yes
graph8308.png,yes
graph2054.png,no
graph7985.png,yes
graph6751.png,no
graph7160.png,yes
graph7863.png,yes
graph3603.png,no
graph7581.png,yes
graph3313.png,yes
graph3761.png,yes
graph519.png,no
graph5229.png,yes
graph4319.png,yes
graph7138.png,no
graph781.png,yes
graph4927.png,yes
graph8015.png,no
graph2108.png,no
graph1133.png,no
graph1812.png,yes
graph7144.png,no
graph1178.png,no
graph6375.png,yes
graph4397.png,yes
graph7482.png,yes
graph7226.png,no
graph4857.png,no
graph3966.png,yes
graph6692.png,yes
graph4083.png,no
graph7405.png,yes
graph1598.png,yes
graph7764.png,no
graph7766.png,no
graph8011.png,no
graph6990.png,no
graph7083.png,yes
graph918.png,yes
graph1716.png,yes
graph2230.png,yes
graph7529.png,no
graph6716.png,yes
graph1124.png,yes
graph7651.png,yes
graph1295.png,yes
graph3662.png,no
graph5101.png,yes
graph7383.png,yes
graph1194.png,yes
graph4796.png,yes
graph3685.png,yes
graph6775.png,yes
graph3453.png,yes
graph3620.png,yes
graph6647.png,yes
graph420.png,yes
graph1496.png,yes
graph1015.png,yes
graph8149.png,yes
graph7384.png,no
graph7663.png,no
graph7461.png,yes
graph4237.png,no
graph2216.png,no
graph4065.png,yes
graph7377.png,no
graph1292.png,yes
graph3768.png,yes
graph7317.png,no
graph4682.png,yes
graph1526.png,yes
graph6996.png,yes
graph4032.png,yes
graph7078.png,no
graph975.png,yes
graph6823.png,no
graph1483.png,no
graph7458.png,yes
graph5197.png,no
graph1418.png,no
graph1579.png,no
graph4853.png,no
graph3982.png,no
graph1257.png,no
graph3745.png,yes
graph7711.png,no
graph3739.png,no
graph6552.png,no
graph1996.png,no
graph1041.png,no
graph7374.png,no
graph4998.png,yes
graph4372.png,no
graph3905.png,yes
graph4326.png,yes
graph470.png,no
graph3845.png,yes
graph947.png,no
graph2280.png,no
graph4441.png,yes
graph6590.png,yes
graph7703.png,no
graph4242.png,yes
graph4519.png,no
graph8010.png,yes
graph7923.png,no
graph3509.png,no
graph838.png,yes
graph8128.png,no
graph521.png,yes
graph2115.png,yes
graph940.png,yes
graph836.png,yes
graph1741.png,yes
graph5297.png,no
graph2041.png,yes
graph7767.png,yes
graph2096.png,no
graph1166.png,yes
graph6452.png,yes
graph6709.png,yes
graph8289.png,no
graph7777.png,yes
graph489.png,yes
graph576.png,yes
graph8048.png,yes
graph6414.png,no
graph814.png,yes
graph6995.png,no
graph4037.png,yes
graph3432.png,no
graph8310.png,yes
graph8051.png,yes
graph661.png,yes
graph624.png,no
graph4234.png,no
graph1630.png,no
graph7644.png,no
graph7472.png,yes
graph3586.png,no
graph4347.png,yes
graph6329.png,no
graph8064.png,yes
graph771.png,yes
graph4442.png,no
graph4241.png,yes
graph7059.png,no
graph7593.png,yes
graph7296.png,yes
graph4806.png,no
graph889.png,no
graph6707.png,no
graph1411.png,no
graph715.png,no
graph7066.png,yes
graph663.png,yes
graph4371.png,yes
graph6946.png,yes
graph7189.png,yes
graph4965.png,no
graph4625.png,yes
graph579.png,yes
graph3601.png,no
graph7565.png,yes
graph657.png,yes
graph4470.png,yes
graph4672.png,yes
graph3437.png,yes
graph3649.png,no
graph893.png,yes
graph7058.png,no
